<?xml version="1.0" encoding="UTF-8"?>
<project-private xmlns="http://www.netbeans.org/ns/project-private/1">
    <editor-bookmarks xmlns="http://www.netbeans.org/ns/editor-bookmarks/2" lastBookmarkId="0"/>
    <open-files xmlns="http://www.netbeans.org/ns/projectui-open-files/2">
        <group>
            <file>file:/C:/Users/Aluno.L306-8A.060/Documents/Q&amp;A/exc3/JUnitEx/test/calculadora/CalculadoraTest.java</file>
            <file>file:/C:/Users/Aluno.L306-8A.060/Documents/Q&amp;A/exc3/JUnitEx/src/Fatura/Fatura.java</file>
            <file>file:/C:/Users/Aluno.L306-8A.060/Documents/Q&amp;A/exc3/JUnitEx/test/Fatura/FaturaTest.java</file>
            <file>file:/C:/Users/Aluno.L306-8A.060/Documents/Q&amp;A/exc3/JUnitEx/src/Boleto/Boleto.java</file>
            <file>file:/C:/Users/Aluno.L306-8A.060/Documents/Q&amp;A/exc3/JUnitEx/test/produto/ProdutoTest.java</file>
        </group>
    </open-files>
</project-private>
